,upvotes,views,upvote_view_ratio
count,2129.0,2129.0,2129.0
mean,0.48990136214185065,198.60497886331612,0.002504547224009137
std,0.9424294910120018,300.3142799190865,0.005230613763654381
min,0.0,2.0,0.0
25%,0.0,58.0,0.0
50%,0.0,107.0,0.0
75%,1.0,210.0,0.002967359050445104
max,9.0,3514.0,0.04838709677419355
